question,response
What is diabetes?,Diabetes is a chronic condition where blood sugar levels become elevated due to insufficient insulin production or insulin resistance.
Tell me about diabetes,Diabetes is a chronic condition where blood sugar levels become elevated due to insufficient insulin production or insulin resistance.
Explain diabetes,Diabetes is a chronic condition where blood sugar levels become elevated due to insufficient insulin production or insulin resistance.
Give me information about diabetes,Diabetes is a chronic condition where blood sugar levels become elevated due to insufficient insulin production or insulin resistance.
Everything about diabetes,Diabetes is a chronic condition where blood sugar levels become elevated due to insufficient insulin production or insulin resistance.
Complete information about diabetes,Diabetes is a chronic condition where blood sugar levels become elevated due to insufficient insulin production or insulin resistance.
Get diabetic related all information,Diabetes is a chronic condition where blood sugar levels become elevated due to insufficient insulin production or insulin resistance.
Diabetes details,Diabetes is a chronic condition where blood sugar levels become elevated due to insufficient insulin production or insulin resistance.
What are diabetes symptoms?,Common symptoms include excessive thirst frequent urination increased hunger fatigue blurred vision and slow wound healing.
Symptoms of diabetic,Common symptoms include excessive thirst frequent urination increased hunger fatigue blurred vision and slow wound healing.
Signs of diabetes,Common symptoms include excessive thirst frequent urination increased hunger fatigue blurred vision and slow wound healing.
